Time (seconds),Node1,Node2,Node3,Node4
1,1,1,1,1
2,0.005555555555555556,0.007281553398058253,0.007633587786259542,0.006993006993006993
