Time (seconds),Fraction of Read Requests
0,0
1.175,0
2.35,0
3.5250000000000004,0
4.7,0
5.875,0
7.050000000000001,0
8.225,0
9.4,0
10.575000000000001,0
11.75,0
12.925,0
14.100000000000001,0
15.275,0
16.45,0
17.625,0
18.8,0
19.975,0
21.150000000000002,0
22.325,0
23.5,0
24.675,0
25.85,0
27.025000000000002,0
28.200000000000003,0
29.375,0
30.55,0
31.725,0
32.9,0
34.075,0
35.25,0
36.425000000000004,0
37.6,0
38.775,0
39.95,0
41.125,0
42.300000000000004,0
43.475,0
44.65,0
45.825,0
