Time (seconds),Fraction of Read Requests
0,0
0.766666666,0
1.533333332,0
2.299999998,0
3.066666664,0
3.83333333,0
4.599999996,0
5.366666662,0
6.133333328,0
6.899999994,0
7.66666666,0
8.433333326,0
9.199999992,0
9.966666658,0
10.733333324,0
11.49999999,0
12.266666656,0
13.033333322,0
13.799999988,0
14.566666654,0
15.33333332,0
16.099999986,0
16.866666652,0
17.633333318,0
18.399999984,0
19.16666665,0
19.933333316,0
20.699999982,0
21.466666648,0
22.233333314,0
