Time (seconds),Fraction of Read Requests
0,0
0.643764252,1
1.287528504,1
1.931292756,1
2.575057008,1
3.21882126,1
3.862585512,1
4.506349763999999,1
5.150114016,1
5.793878268,0
6.43764252,1
7.081406771999999,1
7.725171024,0
8.368935276,1
9.012699527999999,0
9.65646378,0
10.300228032,1
10.943992284,0
11.587756536,1
12.231520788,1
12.87528504,1
13.519049292,1
14.162813543999999,1
14.806577796,1
15.450342048,1
16.0941063,1
16.737870552,1
17.381634804,1
18.025399055999998,1
18.669163307999998,1
