Time (seconds),Node1,Node2,Node3,Node4
1,1,1.00028328611898,1.0002801905295602,1
2,0.6104114189756508,0.5954674220963173,0.6049313533202578,0.6820883949340915
3,0.1651273439686538,0.13172804532577903,0.14710002801905295,0.35564745412251225
4,0.008956059333893087,0.006515580736543909,0.008125525357242926,0.06797622124579995
5,0.000279876854184159,0.00028328611898016995,0.0002801905295601009,0.0025846471956577927
