Time (seconds),Fraction of Read Requests
0,0
0.725,1
1.45,1
2.175,1
2.9,1
3.625,1
4.35,1
5.075,1
5.8,1
6.5249999999999995,1
7.25,1
7.975,1
8.7,1
9.424999999999999,1
10.15,1
10.875,1
11.6,1
12.325,1
13.049999999999999,1
13.775,1
14.5,1
15.225,1
15.95,0
16.675,0
17.4,0
18.125,0
18.849999999999998,0
19.575,0
20.3,0
21.025,0
21.75,0
22.474999999999998,0
23.2,0
23.925,0
24.65,0
25.375,0
26.099999999999998,0
26.825,0
27.55,0
28.275,0
